buying,maint,doors,persons,trunk,safety,class
vhigh,vhigh,3 a menos,2,pequeño,low,unacc
vhigh,vhigh,3 a menos,2,pequeño,med,unacc
vhigh,vhigh,3 a menos,2,pequeño,high,unacc
vhigh,vhigh,3 a menos,2,mediano,low,unacc
vhigh,vhigh,3 a menos,2,mediano,med,unacc
vhigh,vhigh,3 a menos,2,mediano,high,unacc
vhigh,vhigh,3 a menos,2,grande,low,unacc
vhigh,vhigh,3 a menos,2,grande,med,unacc
vhigh,vhigh,3 a menos,2,grande,high,unacc
vhigh,vhigh,3 a menos,4,pequeño,low,unacc
vhigh,vhigh,3 a menos,4,pequeño,med,unacc
vhigh,vhigh,3 a menos,4,pequeño,high,unacc
vhigh,vhigh,3 a menos,4,mediano,low,unacc
vhigh,vhigh,3 a menos,4,mediano,med,unacc
vhigh,vhigh,3 a menos,4,mediano,high,unacc
vhigh,vhigh,3 a menos,4,grande,low,unacc
vhigh,vhigh,3 a menos,4,grande,med,unacc
vhigh,vhigh,3 a menos,4,grande,high,unacc
vhigh,vhigh,3 a menos,more,pequeño,low,unacc
vhigh,vhigh,3 a menos,more,pequeño,med,unacc
vhigh,vhigh,3 a menos,more,pequeño,high,unacc
vhigh,vhigh,3 a menos,more,mediano,low,unacc
vhigh,vhigh,3 a menos,more,mediano,med,unacc
vhigh,vhigh,3 a menos,more,mediano,high,unacc
vhigh,vhigh,3 a menos,more,grande,low,unacc
vhigh,vhigh,3 a menos,more,grande,med,unacc
vhigh,vhigh,3 a menos,more,grande,high,unacc
vhigh,vhigh,3 a menos,2,pequeño,low,unacc
vhigh,vhigh,3 a menos,2,pequeño,med,unacc
vhigh,vhigh,3 a menos,2,pequeño,high,unacc
vhigh,vhigh,3 a menos,2,mediano,low,unacc
vhigh,vhigh,3 a menos,2,mediano,med,unacc
vhigh,vhigh,3 a menos,2,mediano,high,unacc
vhigh,vhigh,3 a menos,2,grande,low,unacc
vhigh,vhigh,3 a menos,2,grande,med,unacc
vhigh,vhigh,3 a menos,2,grande,high,unacc
vhigh,vhigh,3 a menos,4,pequeño,low,unacc
vhigh,vhigh,3 a menos,4,pequeño,med,unacc
vhigh,vhigh,3 a menos,4,pequeño,high,unacc
vhigh,vhigh,3 a menos,4,mediano,low,unacc
vhigh,vhigh,3 a menos,4,mediano,med,unacc
vhigh,vhigh,3 a menos,4,mediano,high,unacc
vhigh,vhigh,3 a menos,4,grande,low,unacc
vhigh,vhigh,3 a menos,4,grande,med,unacc
vhigh,vhigh,3 a menos,4,grande,high,unacc
vhigh,vhigh,3 a menos,more,pequeño,low,unacc
vhigh,vhigh,3 a menos,more,pequeño,med,unacc
vhigh,vhigh,3 a menos,more,pequeño,high,unacc
vhigh,vhigh,3 a menos,more,mediano,low,unacc
vhigh,vhigh,3 a menos,more,mediano,med,unacc
vhigh,vhigh,3 a menos,more,mediano,high,unacc
vhigh,vhigh,3 a menos,more,grande,low,unacc
vhigh,vhigh,3 a menos,more,grande,med,unacc
vhigh,vhigh,3 a menos,more,grande,high,unacc
vhigh,vhigh,4 a más,2,pequeño,low,unacc
vhigh,vhigh,4 a más,2,pequeño,med,unacc
vhigh,vhigh,4 a más,2,pequeño,high,unacc
vhigh,vhigh,4 a más,2,mediano,low,unacc
vhigh,vhigh,4 a más,2,mediano,med,unacc
vhigh,vhigh,4 a más,2,mediano,high,unacc
vhigh,vhigh,4 a más,2,grande,low,unacc
vhigh,vhigh,4 a más,2,grande,med,unacc
vhigh,vhigh,4 a más,2,grande,high,unacc
vhigh,vhigh,4 a más,4,pequeño,low,unacc
vhigh,vhigh,4 a más,4,pequeño,med,unacc
vhigh,vhigh,4 a más,4,pequeño,high,unacc
vhigh,vhigh,4 a más,4,mediano,low,unacc
vhigh,vhigh,4 a más,4,mediano,med,unacc
vhigh,vhigh,4 a más,4,mediano,high,unacc
vhigh,vhigh,4 a más,4,grande,low,unacc
vhigh,vhigh,4 a más,4,grande,med,unacc
vhigh,vhigh,4 a más,4,grande,high,unacc
vhigh,vhigh,4 a más,more,pequeño,low,unacc
vhigh,vhigh,4 a más,more,pequeño,med,unacc
vhigh,vhigh,4 a más,more,pequeño,high,unacc
vhigh,vhigh,4 a más,more,mediano,low,unacc
vhigh,vhigh,4 a más,more,mediano,med,unacc
vhigh,vhigh,4 a más,more,mediano,high,unacc
vhigh,vhigh,4 a más,more,grande,low,unacc
vhigh,vhigh,4 a más,more,grande,med,unacc
vhigh,vhigh,4 a más,more,grande,high,unacc
vhigh,vhigh,4 a más,2,pequeño,low,unacc
vhigh,vhigh,4 a más,2,pequeño,med,unacc
vhigh,vhigh,4 a más,2,pequeño,high,unacc
vhigh,vhigh,4 a más,2,mediano,low,unacc
vhigh,vhigh,4 a más,2,mediano,med,unacc
vhigh,vhigh,4 a más,2,mediano,high,unacc
vhigh,vhigh,4 a más,2,grande,low,unacc
vhigh,vhigh,4 a más,2,grande,med,unacc
vhigh,vhigh,4 a más,2,grande,high,unacc
vhigh,vhigh,4 a más,4,pequeño,low,unacc
vhigh,vhigh,4 a más,4,pequeño,med,unacc
vhigh,vhigh,4 a más,4,pequeño,high,unacc
vhigh,vhigh,4 a más,4,mediano,low,unacc
vhigh,vhigh,4 a más,4,mediano,med,unacc
vhigh,vhigh,4 a más,4,mediano,high,unacc
vhigh,vhigh,4 a más,4,grande,low,unacc
vhigh,vhigh,4 a más,4,grande,med,unacc
vhigh,vhigh,4 a más,4,grande,high,unacc
vhigh,vhigh,4 a más,more,pequeño,low,unacc
vhigh,vhigh,4 a más,more,pequeño,med,unacc
vhigh,vhigh,4 a más,more,pequeño,high,unacc
vhigh,vhigh,4 a más,more,mediano,low,unacc
vhigh,vhigh,4 a más,more,mediano,med,unacc
vhigh,vhigh,4 a más,more,mediano,high,unacc
vhigh,vhigh,4 a más,more,grande,low,unacc
vhigh,vhigh,4 a más,more,grande,med,unacc
vhigh,vhigh,4 a más,more,grande,high,unacc
vhigh,high,3 a menos,2,pequeño,low,unacc
vhigh,high,3 a menos,2,pequeño,med,unacc
vhigh,high,3 a menos,2,pequeño,high,unacc
vhigh,high,3 a menos,2,mediano,low,unacc
vhigh,high,3 a menos,2,mediano,med,unacc
vhigh,high,3 a menos,2,mediano,high,unacc
vhigh,high,3 a menos,2,grande,low,unacc
vhigh,high,3 a menos,2,grande,med,unacc
vhigh,high,3 a menos,2,grande,high,unacc
vhigh,high,3 a menos,4,pequeño,low,unacc
vhigh,high,3 a menos,4,pequeño,med,unacc
vhigh,high,3 a menos,4,pequeño,high,unacc
vhigh,high,3 a menos,4,mediano,low,unacc
vhigh,high,3 a menos,4,mediano,med,unacc
vhigh,high,3 a menos,4,mediano,high,unacc
vhigh,high,3 a menos,4,grande,low,unacc
vhigh,high,3 a menos,4,grande,med,unacc
vhigh,high,3 a menos,4,grande,high,unacc
vhigh,high,3 a menos,more,pequeño,low,unacc
vhigh,high,3 a menos,more,pequeño,med,unacc
vhigh,high,3 a menos,more,pequeño,high,unacc
vhigh,high,3 a menos,more,mediano,low,unacc
vhigh,high,3 a menos,more,mediano,med,unacc
vhigh,high,3 a menos,more,mediano,high,unacc
vhigh,high,3 a menos,more,grande,low,unacc
vhigh,high,3 a menos,more,grande,med,unacc
vhigh,high,3 a menos,more,grande,high,unacc
vhigh,high,3 a menos,2,pequeño,low,unacc
vhigh,high,3 a menos,2,pequeño,med,unacc
vhigh,high,3 a menos,2,pequeño,high,unacc
vhigh,high,3 a menos,2,mediano,low,unacc
vhigh,high,3 a menos,2,mediano,med,unacc
vhigh,high,3 a menos,2,mediano,high,unacc
vhigh,high,3 a menos,2,grande,low,unacc
vhigh,high,3 a menos,2,grande,med,unacc
vhigh,high,3 a menos,2,grande,high,unacc
vhigh,high,3 a menos,4,pequeño,low,unacc
vhigh,high,3 a menos,4,pequeño,med,unacc
vhigh,high,3 a menos,4,pequeño,high,unacc
vhigh,high,3 a menos,4,mediano,low,unacc
vhigh,high,3 a menos,4,mediano,med,unacc
vhigh,high,3 a menos,4,mediano,high,unacc
vhigh,high,3 a menos,4,grande,low,unacc
vhigh,high,3 a menos,4,grande,med,unacc
vhigh,high,3 a menos,4,grande,high,unacc
vhigh,high,3 a menos,more,pequeño,low,unacc
vhigh,high,3 a menos,more,pequeño,med,unacc
vhigh,high,3 a menos,more,pequeño,high,unacc
vhigh,high,3 a menos,more,mediano,low,unacc
vhigh,high,3 a menos,more,mediano,med,unacc
vhigh,high,3 a menos,more,mediano,high,unacc
vhigh,high,3 a menos,more,grande,low,unacc
vhigh,high,3 a menos,more,grande,med,unacc
vhigh,high,3 a menos,more,grande,high,unacc
vhigh,high,4 a más,2,pequeño,low,unacc
vhigh,high,4 a más,2,pequeño,med,unacc
vhigh,high,4 a más,2,pequeño,high,unacc
vhigh,high,4 a más,2,mediano,low,unacc
vhigh,high,4 a más,2,mediano,med,unacc
vhigh,high,4 a más,2,mediano,high,unacc
vhigh,high,4 a más,2,grande,low,unacc
vhigh,high,4 a más,2,grande,med,unacc
vhigh,high,4 a más,2,grande,high,unacc
vhigh,high,4 a más,4,pequeño,low,unacc
vhigh,high,4 a más,4,pequeño,med,unacc
vhigh,high,4 a más,4,pequeño,high,unacc
vhigh,high,4 a más,4,mediano,low,unacc
vhigh,high,4 a más,4,mediano,med,unacc
vhigh,high,4 a más,4,mediano,high,unacc
vhigh,high,4 a más,4,grande,low,unacc
vhigh,high,4 a más,4,grande,med,unacc
vhigh,high,4 a más,4,grande,high,unacc
vhigh,high,4 a más,more,pequeño,low,unacc
vhigh,high,4 a más,more,pequeño,med,unacc
vhigh,high,4 a más,more,pequeño,high,unacc
vhigh,high,4 a más,more,mediano,low,unacc
vhigh,high,4 a más,more,mediano,med,unacc
vhigh,high,4 a más,more,mediano,high,unacc
vhigh,high,4 a más,more,grande,low,unacc
vhigh,high,4 a más,more,grande,med,unacc
vhigh,high,4 a más,more,grande,high,unacc
vhigh,high,4 a más,2,pequeño,low,unacc
vhigh,high,4 a más,2,pequeño,med,unacc
vhigh,high,4 a más,2,pequeño,high,unacc
vhigh,high,4 a más,2,mediano,low,unacc
vhigh,high,4 a más,2,mediano,med,unacc
vhigh,high,4 a más,2,mediano,high,unacc
vhigh,high,4 a más,2,grande,low,unacc
vhigh,high,4 a más,2,grande,med,unacc
vhigh,high,4 a más,2,grande,high,unacc
vhigh,high,4 a más,4,pequeño,low,unacc
vhigh,high,4 a más,4,pequeño,med,unacc
vhigh,high,4 a más,4,pequeño,high,unacc
vhigh,high,4 a más,4,mediano,low,unacc
vhigh,high,4 a más,4,mediano,med,unacc
vhigh,high,4 a más,4,mediano,high,unacc
vhigh,high,4 a más,4,grande,low,unacc
vhigh,high,4 a más,4,grande,med,unacc
vhigh,high,4 a más,4,grande,high,unacc
vhigh,high,4 a más,more,pequeño,low,unacc
vhigh,high,4 a más,more,pequeño,med,unacc
vhigh,high,4 a más,more,pequeño,high,unacc
vhigh,high,4 a más,more,mediano,low,unacc
vhigh,high,4 a más,more,mediano,med,unacc
vhigh,high,4 a más,more,mediano,high,unacc
vhigh,high,4 a más,more,grande,low,unacc
vhigh,high,4 a más,more,grande,med,unacc
vhigh,high,4 a más,more,grande,high,unacc
vhigh,med,3 a menos,2,pequeño,low,unacc
vhigh,med,3 a menos,2,pequeño,med,unacc
vhigh,med,3 a menos,2,pequeño,high,unacc
vhigh,med,3 a menos,2,mediano,low,unacc
vhigh,med,3 a menos,2,mediano,med,unacc
vhigh,med,3 a menos,2,mediano,high,unacc
vhigh,med,3 a menos,2,grande,low,unacc
vhigh,med,3 a menos,2,grande,med,unacc
vhigh,med,3 a menos,2,grande,high,unacc
vhigh,med,3 a menos,4,pequeño,low,unacc
vhigh,med,3 a menos,4,pequeño,med,unacc
vhigh,med,3 a menos,4,pequeño,high,acc
vhigh,med,3 a menos,4,mediano,low,unacc
vhigh,med,3 a menos,4,mediano,med,unacc
vhigh,med,3 a menos,4,mediano,high,acc
vhigh,med,3 a menos,4,grande,low,unacc
vhigh,med,3 a menos,4,grande,med,acc
vhigh,med,3 a menos,4,grande,high,acc
vhigh,med,3 a menos,more,pequeño,low,unacc
vhigh,med,3 a menos,more,pequeño,med,unacc
vhigh,med,3 a menos,more,pequeño,high,unacc
vhigh,med,3 a menos,more,mediano,low,unacc
vhigh,med,3 a menos,more,mediano,med,unacc
vhigh,med,3 a menos,more,mediano,high,acc
vhigh,med,3 a menos,more,grande,low,unacc
vhigh,med,3 a menos,more,grande,med,acc
vhigh,med,3 a menos,more,grande,high,acc
vhigh,med,3 a menos,2,pequeño,low,unacc
vhigh,med,3 a menos,2,pequeño,med,unacc
vhigh,med,3 a menos,2,pequeño,high,unacc
vhigh,med,3 a menos,2,mediano,low,unacc
vhigh,med,3 a menos,2,mediano,med,unacc
vhigh,med,3 a menos,2,mediano,high,unacc
vhigh,med,3 a menos,2,grande,low,unacc
vhigh,med,3 a menos,2,grande,med,unacc
vhigh,med,3 a menos,2,grande,high,unacc
vhigh,med,3 a menos,4,pequeño,low,unacc
vhigh,med,3 a menos,4,pequeño,med,unacc
vhigh,med,3 a menos,4,pequeño,high,acc
vhigh,med,3 a menos,4,mediano,low,unacc
vhigh,med,3 a menos,4,mediano,med,unacc
vhigh,med,3 a menos,4,mediano,high,acc
vhigh,med,3 a menos,4,grande,low,unacc
vhigh,med,3 a menos,4,grande,med,acc
vhigh,med,3 a menos,4,grande,high,acc
vhigh,med,3 a menos,more,pequeño,low,unacc
vhigh,med,3 a menos,more,pequeño,med,unacc
vhigh,med,3 a menos,more,pequeño,high,acc
vhigh,med,3 a menos,more,mediano,low,unacc
vhigh,med,3 a menos,more,mediano,med,acc
vhigh,med,3 a menos,more,mediano,high,acc
vhigh,med,3 a menos,more,grande,low,unacc
vhigh,med,3 a menos,more,grande,med,acc
vhigh,med,3 a menos,more,grande,high,acc
vhigh,med,4 a más,2,pequeño,low,unacc
vhigh,med,4 a más,2,pequeño,med,unacc
vhigh,med,4 a más,2,pequeño,high,unacc
vhigh,med,4 a más,2,mediano,low,unacc
vhigh,med,4 a más,2,mediano,med,unacc
vhigh,med,4 a más,2,mediano,high,unacc
vhigh,med,4 a más,2,grande,low,unacc
vhigh,med,4 a más,2,grande,med,unacc
vhigh,med,4 a más,2,grande,high,unacc
vhigh,med,4 a más,4,pequeño,low,unacc
vhigh,med,4 a más,4,pequeño,med,unacc
vhigh,med,4 a más,4,pequeño,high,acc
vhigh,med,4 a más,4,mediano,low,unacc
vhigh,med,4 a más,4,mediano,med,acc
vhigh,med,4 a más,4,mediano,high,acc
vhigh,med,4 a más,4,grande,low,unacc
vhigh,med,4 a más,4,grande,med,acc
vhigh,med,4 a más,4,grande,high,acc
vhigh,med,4 a más,more,pequeño,low,unacc
vhigh,med,4 a más,more,pequeño,med,unacc
vhigh,med,4 a más,more,pequeño,high,acc
vhigh,med,4 a más,more,mediano,low,unacc
vhigh,med,4 a más,more,mediano,med,acc
vhigh,med,4 a más,more,mediano,high,acc
vhigh,med,4 a más,more,grande,low,unacc
vhigh,med,4 a más,more,grande,med,acc
vhigh,med,4 a más,more,grande,high,acc
vhigh,med,4 a más,2,pequeño,low,unacc
vhigh,med,4 a más,2,pequeño,med,unacc
vhigh,med,4 a más,2,pequeño,high,unacc
vhigh,med,4 a más,2,mediano,low,unacc
vhigh,med,4 a más,2,mediano,med,unacc
vhigh,med,4 a más,2,mediano,high,unacc
vhigh,med,4 a más,2,grande,low,unacc
vhigh,med,4 a más,2,grande,med,unacc
vhigh,med,4 a más,2,grande,high,unacc
vhigh,med,4 a más,4,pequeño,low,unacc
vhigh,med,4 a más,4,pequeño,med,unacc
vhigh,med,4 a más,4,pequeño,high,acc
vhigh,med,4 a más,4,mediano,low,unacc
vhigh,med,4 a más,4,mediano,med,acc
vhigh,med,4 a más,4,mediano,high,acc
vhigh,med,4 a más,4,grande,low,unacc
vhigh,med,4 a más,4,grande,med,acc
vhigh,med,4 a más,4,grande,high,acc
vhigh,med,4 a más,more,pequeño,low,unacc
vhigh,med,4 a más,more,pequeño,med,unacc
vhigh,med,4 a más,more,pequeño,high,acc
vhigh,med,4 a más,more,mediano,low,unacc
vhigh,med,4 a más,more,mediano,med,acc
vhigh,med,4 a más,more,mediano,high,acc
vhigh,med,4 a más,more,grande,low,unacc
vhigh,med,4 a más,more,grande,med,acc
vhigh,med,4 a más,more,grande,high,acc
vhigh,low,3 a menos,2,pequeño,low,unacc
vhigh,low,3 a menos,2,pequeño,med,unacc
vhigh,low,3 a menos,2,pequeño,high,unacc
vhigh,low,3 a menos,2,mediano,low,unacc
vhigh,low,3 a menos,2,mediano,med,unacc
vhigh,low,3 a menos,2,mediano,high,unacc
vhigh,low,3 a menos,2,grande,low,unacc
vhigh,low,3 a menos,2,grande,med,unacc
vhigh,low,3 a menos,2,grande,high,unacc
vhigh,low,3 a menos,4,pequeño,low,unacc
vhigh,low,3 a menos,4,pequeño,med,unacc
vhigh,low,3 a menos,4,pequeño,high,acc
vhigh,low,3 a menos,4,mediano,low,unacc
vhigh,low,3 a menos,4,mediano,med,unacc
vhigh,low,3 a menos,4,mediano,high,acc
vhigh,low,3 a menos,4,grande,low,unacc
vhigh,low,3 a menos,4,grande,med,acc
vhigh,low,3 a menos,4,grande,high,acc
vhigh,low,3 a menos,more,pequeño,low,unacc
vhigh,low,3 a menos,more,pequeño,med,unacc
vhigh,low,3 a menos,more,pequeño,high,unacc
vhigh,low,3 a menos,more,mediano,low,unacc
vhigh,low,3 a menos,more,mediano,med,unacc
vhigh,low,3 a menos,more,mediano,high,acc
vhigh,low,3 a menos,more,grande,low,unacc
vhigh,low,3 a menos,more,grande,med,acc
vhigh,low,3 a menos,more,grande,high,acc
vhigh,low,3 a menos,2,pequeño,low,unacc
vhigh,low,3 a menos,2,pequeño,med,unacc
vhigh,low,3 a menos,2,pequeño,high,unacc
vhigh,low,3 a menos,2,mediano,low,unacc
vhigh,low,3 a menos,2,mediano,med,unacc
vhigh,low,3 a menos,2,mediano,high,unacc
vhigh,low,3 a menos,2,grande,low,unacc
vhigh,low,3 a menos,2,grande,med,unacc
vhigh,low,3 a menos,2,grande,high,unacc
vhigh,low,3 a menos,4,pequeño,low,unacc
vhigh,low,3 a menos,4,pequeño,med,unacc
vhigh,low,3 a menos,4,pequeño,high,acc
vhigh,low,3 a menos,4,mediano,low,unacc
vhigh,low,3 a menos,4,mediano,med,unacc
vhigh,low,3 a menos,4,mediano,high,acc
vhigh,low,3 a menos,4,grande,low,unacc
vhigh,low,3 a menos,4,grande,med,acc
vhigh,low,3 a menos,4,grande,high,acc
vhigh,low,3 a menos,more,pequeño,low,unacc
vhigh,low,3 a menos,more,pequeño,med,unacc
vhigh,low,3 a menos,more,pequeño,high,acc
vhigh,low,3 a menos,more,mediano,low,unacc
vhigh,low,3 a menos,more,mediano,med,acc
vhigh,low,3 a menos,more,mediano,high,acc
vhigh,low,3 a menos,more,grande,low,unacc
vhigh,low,3 a menos,more,grande,med,acc
vhigh,low,3 a menos,more,grande,high,acc
vhigh,low,4 a más,2,pequeño,low,unacc
vhigh,low,4 a más,2,pequeño,med,unacc
vhigh,low,4 a más,2,pequeño,high,unacc
vhigh,low,4 a más,2,mediano,low,unacc
vhigh,low,4 a más,2,mediano,med,unacc
vhigh,low,4 a más,2,mediano,high,unacc
vhigh,low,4 a más,2,grande,low,unacc
vhigh,low,4 a más,2,grande,med,unacc
vhigh,low,4 a más,2,grande,high,unacc
vhigh,low,4 a más,4,pequeño,low,unacc
vhigh,low,4 a más,4,pequeño,med,unacc
vhigh,low,4 a más,4,pequeño,high,acc
vhigh,low,4 a más,4,mediano,low,unacc
vhigh,low,4 a más,4,mediano,med,acc
vhigh,low,4 a más,4,mediano,high,acc
vhigh,low,4 a más,4,grande,low,unacc
vhigh,low,4 a más,4,grande,med,acc
vhigh,low,4 a más,4,grande,high,acc
vhigh,low,4 a más,more,pequeño,low,unacc
vhigh,low,4 a más,more,pequeño,med,unacc
vhigh,low,4 a más,more,pequeño,high,acc
vhigh,low,4 a más,more,mediano,low,unacc
vhigh,low,4 a más,more,mediano,med,acc
vhigh,low,4 a más,more,mediano,high,acc
vhigh,low,4 a más,more,grande,low,unacc
vhigh,low,4 a más,more,grande,med,acc
vhigh,low,4 a más,more,grande,high,acc
vhigh,low,4 a más,2,pequeño,low,unacc
vhigh,low,4 a más,2,pequeño,med,unacc
vhigh,low,4 a más,2,pequeño,high,unacc
vhigh,low,4 a más,2,mediano,low,unacc
vhigh,low,4 a más,2,mediano,med,unacc
vhigh,low,4 a más,2,mediano,high,unacc
vhigh,low,4 a más,2,grande,low,unacc
vhigh,low,4 a más,2,grande,med,unacc
vhigh,low,4 a más,2,grande,high,unacc
vhigh,low,4 a más,4,pequeño,low,unacc
vhigh,low,4 a más,4,pequeño,med,unacc
vhigh,low,4 a más,4,pequeño,high,acc
vhigh,low,4 a más,4,mediano,low,unacc
vhigh,low,4 a más,4,mediano,med,acc
vhigh,low,4 a más,4,mediano,high,acc
vhigh,low,4 a más,4,grande,low,unacc
vhigh,low,4 a más,4,grande,med,acc
vhigh,low,4 a más,4,grande,high,acc
vhigh,low,4 a más,more,pequeño,low,unacc
vhigh,low,4 a más,more,pequeño,med,unacc
vhigh,low,4 a más,more,pequeño,high,acc
vhigh,low,4 a más,more,mediano,low,unacc
vhigh,low,4 a más,more,mediano,med,acc
vhigh,low,4 a más,more,mediano,high,acc
vhigh,low,4 a más,more,grande,low,unacc
vhigh,low,4 a más,more,grande,med,acc
vhigh,low,4 a más,more,grande,high,acc
high,vhigh,3 a menos,2,pequeño,low,unacc
high,vhigh,3 a menos,2,pequeño,med,unacc
high,vhigh,3 a menos,2,pequeño,high,unacc
high,vhigh,3 a menos,2,mediano,low,unacc
high,vhigh,3 a menos,2,mediano,med,unacc
high,vhigh,3 a menos,2,mediano,high,unacc
high,vhigh,3 a menos,2,grande,low,unacc
high,vhigh,3 a menos,2,grande,med,unacc
high,vhigh,3 a menos,2,grande,high,unacc
high,vhigh,3 a menos,4,pequeño,low,unacc
high,vhigh,3 a menos,4,pequeño,med,unacc
high,vhigh,3 a menos,4,pequeño,high,unacc
high,vhigh,3 a menos,4,mediano,low,unacc
high,vhigh,3 a menos,4,mediano,med,unacc
high,vhigh,3 a menos,4,mediano,high,unacc
high,vhigh,3 a menos,4,grande,low,unacc
high,vhigh,3 a menos,4,grande,med,unacc
high,vhigh,3 a menos,4,grande,high,unacc
high,vhigh,3 a menos,more,pequeño,low,unacc
high,vhigh,3 a menos,more,pequeño,med,unacc
high,vhigh,3 a menos,more,pequeño,high,unacc
high,vhigh,3 a menos,more,mediano,low,unacc
high,vhigh,3 a menos,more,mediano,med,unacc
high,vhigh,3 a menos,more,mediano,high,unacc
high,vhigh,3 a menos,more,grande,low,unacc
high,vhigh,3 a menos,more,grande,med,unacc
high,vhigh,3 a menos,more,grande,high,unacc
high,vhigh,3 a menos,2,pequeño,low,unacc
high,vhigh,3 a menos,2,pequeño,med,unacc
high,vhigh,3 a menos,2,pequeño,high,unacc
high,vhigh,3 a menos,2,mediano,low,unacc
high,vhigh,3 a menos,2,mediano,med,unacc
high,vhigh,3 a menos,2,mediano,high,unacc
high,vhigh,3 a menos,2,grande,low,unacc
high,vhigh,3 a menos,2,grande,med,unacc
high,vhigh,3 a menos,2,grande,high,unacc
high,vhigh,3 a menos,4,pequeño,low,unacc
high,vhigh,3 a menos,4,pequeño,med,unacc
high,vhigh,3 a menos,4,pequeño,high,unacc
high,vhigh,3 a menos,4,mediano,low,unacc
high,vhigh,3 a menos,4,mediano,med,unacc
high,vhigh,3 a menos,4,mediano,high,unacc
high,vhigh,3 a menos,4,grande,low,unacc
high,vhigh,3 a menos,4,grande,med,unacc
high,vhigh,3 a menos,4,grande,high,unacc
high,vhigh,3 a menos,more,pequeño,low,unacc
high,vhigh,3 a menos,more,pequeño,med,unacc
high,vhigh,3 a menos,more,pequeño,high,unacc
high,vhigh,3 a menos,more,mediano,low,unacc
high,vhigh,3 a menos,more,mediano,med,unacc
high,vhigh,3 a menos,more,mediano,high,unacc
high,vhigh,3 a menos,more,grande,low,unacc
high,vhigh,3 a menos,more,grande,med,unacc
high,vhigh,3 a menos,more,grande,high,unacc
high,vhigh,4 a más,2,pequeño,low,unacc
high,vhigh,4 a más,2,pequeño,med,unacc
high,vhigh,4 a más,2,pequeño,high,unacc
high,vhigh,4 a más,2,mediano,low,unacc
high,vhigh,4 a más,2,mediano,med,unacc
high,vhigh,4 a más,2,mediano,high,unacc
high,vhigh,4 a más,2,grande,low,unacc
high,vhigh,4 a más,2,grande,med,unacc
high,vhigh,4 a más,2,grande,high,unacc
high,vhigh,4 a más,4,pequeño,low,unacc
high,vhigh,4 a más,4,pequeño,med,unacc
high,vhigh,4 a más,4,pequeño,high,unacc
high,vhigh,4 a más,4,mediano,low,unacc
high,vhigh,4 a más,4,mediano,med,unacc
high,vhigh,4 a más,4,mediano,high,unacc
high,vhigh,4 a más,4,grande,low,unacc
high,vhigh,4 a más,4,grande,med,unacc
high,vhigh,4 a más,4,grande,high,unacc
high,vhigh,4 a más,more,pequeño,low,unacc
high,vhigh,4 a más,more,pequeño,med,unacc
high,vhigh,4 a más,more,pequeño,high,unacc
high,vhigh,4 a más,more,mediano,low,unacc
high,vhigh,4 a más,more,mediano,med,unacc
high,vhigh,4 a más,more,mediano,high,unacc
high,vhigh,4 a más,more,grande,low,unacc
high,vhigh,4 a más,more,grande,med,unacc
high,vhigh,4 a más,more,grande,high,unacc
high,vhigh,4 a más,2,pequeño,low,unacc
high,vhigh,4 a más,2,pequeño,med,unacc
high,vhigh,4 a más,2,pequeño,high,unacc
high,vhigh,4 a más,2,mediano,low,unacc
high,vhigh,4 a más,2,mediano,med,unacc
high,vhigh,4 a más,2,mediano,high,unacc
high,vhigh,4 a más,2,grande,low,unacc
high,vhigh,4 a más,2,grande,med,unacc
high,vhigh,4 a más,2,grande,high,unacc
high,vhigh,4 a más,4,pequeño,low,unacc
high,vhigh,4 a más,4,pequeño,med,unacc
high,vhigh,4 a más,4,pequeño,high,unacc
high,vhigh,4 a más,4,mediano,low,unacc
high,vhigh,4 a más,4,mediano,med,unacc
high,vhigh,4 a más,4,mediano,high,unacc
high,vhigh,4 a más,4,grande,low,unacc
high,vhigh,4 a más,4,grande,med,unacc
high,vhigh,4 a más,4,grande,high,unacc
high,vhigh,4 a más,more,pequeño,low,unacc
high,vhigh,4 a más,more,pequeño,med,unacc
high,vhigh,4 a más,more,pequeño,high,unacc
high,vhigh,4 a más,more,mediano,low,unacc
high,vhigh,4 a más,more,mediano,med,unacc
high,vhigh,4 a más,more,mediano,high,unacc
high,vhigh,4 a más,more,grande,low,unacc
high,vhigh,4 a más,more,grande,med,unacc
high,vhigh,4 a más,more,grande,high,unacc
high,high,3 a menos,2,pequeño,low,unacc
high,high,3 a menos,2,pequeño,med,unacc
high,high,3 a menos,2,pequeño,high,unacc
high,high,3 a menos,2,mediano,low,unacc
high,high,3 a menos,2,mediano,med,unacc
high,high,3 a menos,2,mediano,high,unacc
high,high,3 a menos,2,grande,low,unacc
high,high,3 a menos,2,grande,med,unacc
high,high,3 a menos,2,grande,high,unacc
high,high,3 a menos,4,pequeño,low,unacc
high,high,3 a menos,4,pequeño,med,unacc
high,high,3 a menos,4,pequeño,high,acc
high,high,3 a menos,4,mediano,low,unacc
high,high,3 a menos,4,mediano,med,unacc
high,high,3 a menos,4,mediano,high,acc
high,high,3 a menos,4,grande,low,unacc
high,high,3 a menos,4,grande,med,acc
high,high,3 a menos,4,grande,high,acc
high,high,3 a menos,more,pequeño,low,unacc
high,high,3 a menos,more,pequeño,med,unacc
high,high,3 a menos,more,pequeño,high,unacc
high,high,3 a menos,more,mediano,low,unacc
high,high,3 a menos,more,mediano,med,unacc
high,high,3 a menos,more,mediano,high,acc
high,high,3 a menos,more,grande,low,unacc
high,high,3 a menos,more,grande,med,acc
high,high,3 a menos,more,grande,high,acc
high,high,3 a menos,2,pequeño,low,unacc
high,high,3 a menos,2,pequeño,med,unacc
high,high,3 a menos,2,pequeño,high,unacc
high,high,3 a menos,2,mediano,low,unacc
high,high,3 a menos,2,mediano,med,unacc
high,high,3 a menos,2,mediano,high,unacc
high,high,3 a menos,2,grande,low,unacc
high,high,3 a menos,2,grande,med,unacc
high,high,3 a menos,2,grande,high,unacc
high,high,3 a menos,4,pequeño,low,unacc
high,high,3 a menos,4,pequeño,med,unacc
high,high,3 a menos,4,pequeño,high,acc
high,high,3 a menos,4,mediano,low,unacc
high,high,3 a menos,4,mediano,med,unacc
high,high,3 a menos,4,mediano,high,acc
high,high,3 a menos,4,grande,low,unacc
high,high,3 a menos,4,grande,med,acc
high,high,3 a menos,4,grande,high,acc
high,high,3 a menos,more,pequeño,low,unacc
high,high,3 a menos,more,pequeño,med,unacc
high,high,3 a menos,more,pequeño,high,acc
high,high,3 a menos,more,mediano,low,unacc
high,high,3 a menos,more,mediano,med,acc
high,high,3 a menos,more,mediano,high,acc
high,high,3 a menos,more,grande,low,unacc
high,high,3 a menos,more,grande,med,acc
high,high,3 a menos,more,grande,high,acc
high,high,4 a más,2,pequeño,low,unacc
high,high,4 a más,2,pequeño,med,unacc
high,high,4 a más,2,pequeño,high,unacc
high,high,4 a más,2,mediano,low,unacc
high,high,4 a más,2,mediano,med,unacc
high,high,4 a más,2,mediano,high,unacc
high,high,4 a más,2,grande,low,unacc
high,high,4 a más,2,grande,med,unacc
high,high,4 a más,2,grande,high,unacc
high,high,4 a más,4,pequeño,low,unacc
high,high,4 a más,4,pequeño,med,unacc
high,high,4 a más,4,pequeño,high,acc
high,high,4 a más,4,mediano,low,unacc
high,high,4 a más,4,mediano,med,acc
high,high,4 a más,4,mediano,high,acc
high,high,4 a más,4,grande,low,unacc
high,high,4 a más,4,grande,med,acc
high,high,4 a más,4,grande,high,acc
high,high,4 a más,more,pequeño,low,unacc
high,high,4 a más,more,pequeño,med,unacc
high,high,4 a más,more,pequeño,high,acc
high,high,4 a más,more,mediano,low,unacc
high,high,4 a más,more,mediano,med,acc
high,high,4 a más,more,mediano,high,acc
high,high,4 a más,more,grande,low,unacc
high,high,4 a más,more,grande,med,acc
high,high,4 a más,more,grande,high,acc
high,high,4 a más,2,pequeño,low,unacc
high,high,4 a más,2,pequeño,med,unacc
high,high,4 a más,2,pequeño,high,unacc
high,high,4 a más,2,mediano,low,unacc
high,high,4 a más,2,mediano,med,unacc
high,high,4 a más,2,mediano,high,unacc
high,high,4 a más,2,grande,low,unacc
high,high,4 a más,2,grande,med,unacc
high,high,4 a más,2,grande,high,unacc
high,high,4 a más,4,pequeño,low,unacc
high,high,4 a más,4,pequeño,med,unacc
high,high,4 a más,4,pequeño,high,acc
high,high,4 a más,4,mediano,low,unacc
high,high,4 a más,4,mediano,med,acc
high,high,4 a más,4,mediano,high,acc
high,high,4 a más,4,grande,low,unacc
high,high,4 a más,4,grande,med,acc
high,high,4 a más,4,grande,high,acc
high,high,4 a más,more,pequeño,low,unacc
high,high,4 a más,more,pequeño,med,unacc
high,high,4 a más,more,pequeño,high,acc
high,high,4 a más,more,mediano,low,unacc
high,high,4 a más,more,mediano,med,acc
high,high,4 a más,more,mediano,high,acc
high,high,4 a más,more,grande,low,unacc
high,high,4 a más,more,grande,med,acc
high,high,4 a más,more,grande,high,acc
high,med,3 a menos,2,pequeño,low,unacc
high,med,3 a menos,2,pequeño,med,unacc
high,med,3 a menos,2,pequeño,high,unacc
high,med,3 a menos,2,mediano,low,unacc
high,med,3 a menos,2,mediano,med,unacc
high,med,3 a menos,2,mediano,high,unacc
high,med,3 a menos,2,grande,low,unacc
high,med,3 a menos,2,grande,med,unacc
high,med,3 a menos,2,grande,high,unacc
high,med,3 a menos,4,pequeño,low,unacc
high,med,3 a menos,4,pequeño,med,unacc
high,med,3 a menos,4,pequeño,high,acc
high,med,3 a menos,4,mediano,low,unacc
high,med,3 a menos,4,mediano,med,unacc
high,med,3 a menos,4,mediano,high,acc
high,med,3 a menos,4,grande,low,unacc
high,med,3 a menos,4,grande,med,acc
high,med,3 a menos,4,grande,high,acc
high,med,3 a menos,more,pequeño,low,unacc
high,med,3 a menos,more,pequeño,med,unacc
high,med,3 a menos,more,pequeño,high,unacc
high,med,3 a menos,more,mediano,low,unacc
high,med,3 a menos,more,mediano,med,unacc
high,med,3 a menos,more,mediano,high,acc
high,med,3 a menos,more,grande,low,unacc
high,med,3 a menos,more,grande,med,acc
high,med,3 a menos,more,grande,high,acc
high,med,3 a menos,2,pequeño,low,unacc
high,med,3 a menos,2,pequeño,med,unacc
high,med,3 a menos,2,pequeño,high,unacc
high,med,3 a menos,2,mediano,low,unacc
high,med,3 a menos,2,mediano,med,unacc
high,med,3 a menos,2,mediano,high,unacc
high,med,3 a menos,2,grande,low,unacc
high,med,3 a menos,2,grande,med,unacc
high,med,3 a menos,2,grande,high,unacc
high,med,3 a menos,4,pequeño,low,unacc
high,med,3 a menos,4,pequeño,med,unacc
high,med,3 a menos,4,pequeño,high,acc
high,med,3 a menos,4,mediano,low,unacc
high,med,3 a menos,4,mediano,med,unacc
high,med,3 a menos,4,mediano,high,acc
high,med,3 a menos,4,grande,low,unacc
high,med,3 a menos,4,grande,med,acc
high,med,3 a menos,4,grande,high,acc
high,med,3 a menos,more,pequeño,low,unacc
high,med,3 a menos,more,pequeño,med,unacc
high,med,3 a menos,more,pequeño,high,acc
high,med,3 a menos,more,mediano,low,unacc
high,med,3 a menos,more,mediano,med,acc
high,med,3 a menos,more,mediano,high,acc
high,med,3 a menos,more,grande,low,unacc
high,med,3 a menos,more,grande,med,acc
high,med,3 a menos,more,grande,high,acc
high,med,4 a más,2,pequeño,low,unacc
high,med,4 a más,2,pequeño,med,unacc
high,med,4 a más,2,pequeño,high,unacc
high,med,4 a más,2,mediano,low,unacc
high,med,4 a más,2,mediano,med,unacc
high,med,4 a más,2,mediano,high,unacc
high,med,4 a más,2,grande,low,unacc
high,med,4 a más,2,grande,med,unacc
high,med,4 a más,2,grande,high,unacc
high,med,4 a más,4,pequeño,low,unacc
high,med,4 a más,4,pequeño,med,unacc
high,med,4 a más,4,pequeño,high,acc
high,med,4 a más,4,mediano,low,unacc
high,med,4 a más,4,mediano,med,acc
high,med,4 a más,4,mediano,high,acc
high,med,4 a más,4,grande,low,unacc
high,med,4 a más,4,grande,med,acc
high,med,4 a más,4,grande,high,acc
high,med,4 a más,more,pequeño,low,unacc
high,med,4 a más,more,pequeño,med,unacc
high,med,4 a más,more,pequeño,high,acc
high,med,4 a más,more,mediano,low,unacc
high,med,4 a más,more,mediano,med,acc
high,med,4 a más,more,mediano,high,acc
high,med,4 a más,more,grande,low,unacc
high,med,4 a más,more,grande,med,acc
high,med,4 a más,more,grande,high,acc
high,med,4 a más,2,pequeño,low,unacc
high,med,4 a más,2,pequeño,med,unacc
high,med,4 a más,2,pequeño,high,unacc
high,med,4 a más,2,mediano,low,unacc
high,med,4 a más,2,mediano,med,unacc
high,med,4 a más,2,mediano,high,unacc
high,med,4 a más,2,grande,low,unacc
high,med,4 a más,2,grande,med,unacc
high,med,4 a más,2,grande,high,unacc
high,med,4 a más,4,pequeño,low,unacc
high,med,4 a más,4,pequeño,med,unacc
high,med,4 a más,4,pequeño,high,acc
high,med,4 a más,4,mediano,low,unacc
high,med,4 a más,4,mediano,med,acc
high,med,4 a más,4,mediano,high,acc
high,med,4 a más,4,grande,low,unacc
high,med,4 a más,4,grande,med,acc
high,med,4 a más,4,grande,high,acc
high,med,4 a más,more,pequeño,low,unacc
high,med,4 a más,more,pequeño,med,unacc
high,med,4 a más,more,pequeño,high,acc
high,med,4 a más,more,mediano,low,unacc
high,med,4 a más,more,mediano,med,acc
high,med,4 a más,more,mediano,high,acc
high,med,4 a más,more,grande,low,unacc
high,med,4 a más,more,grande,med,acc
high,med,4 a más,more,grande,high,acc
high,low,3 a menos,2,pequeño,low,unacc
high,low,3 a menos,2,pequeño,med,unacc
high,low,3 a menos,2,pequeño,high,unacc
high,low,3 a menos,2,mediano,low,unacc
high,low,3 a menos,2,mediano,med,unacc
high,low,3 a menos,2,mediano,high,unacc
high,low,3 a menos,2,grande,low,unacc
high,low,3 a menos,2,grande,med,unacc
high,low,3 a menos,2,grande,high,unacc
high,low,3 a menos,4,pequeño,low,unacc
high,low,3 a menos,4,pequeño,med,unacc
high,low,3 a menos,4,pequeño,high,acc
high,low,3 a menos,4,mediano,low,unacc
high,low,3 a menos,4,mediano,med,unacc
high,low,3 a menos,4,mediano,high,acc
high,low,3 a menos,4,grande,low,unacc
high,low,3 a menos,4,grande,med,acc
high,low,3 a menos,4,grande,high,acc
high,low,3 a menos,more,pequeño,low,unacc
high,low,3 a menos,more,pequeño,med,unacc
high,low,3 a menos,more,pequeño,high,unacc
high,low,3 a menos,more,mediano,low,unacc
high,low,3 a menos,more,mediano,med,unacc
high,low,3 a menos,more,mediano,high,acc
high,low,3 a menos,more,grande,low,unacc
high,low,3 a menos,more,grande,med,acc
high,low,3 a menos,more,grande,high,acc
high,low,3 a menos,2,pequeño,low,unacc
high,low,3 a menos,2,pequeño,med,unacc
high,low,3 a menos,2,pequeño,high,unacc
high,low,3 a menos,2,mediano,low,unacc
high,low,3 a menos,2,mediano,med,unacc
high,low,3 a menos,2,mediano,high,unacc
high,low,3 a menos,2,grande,low,unacc
high,low,3 a menos,2,grande,med,unacc
high,low,3 a menos,2,grande,high,unacc
high,low,3 a menos,4,pequeño,low,unacc
high,low,3 a menos,4,pequeño,med,unacc
high,low,3 a menos,4,pequeño,high,acc
high,low,3 a menos,4,mediano,low,unacc
high,low,3 a menos,4,mediano,med,unacc
high,low,3 a menos,4,mediano,high,acc
high,low,3 a menos,4,grande,low,unacc
high,low,3 a menos,4,grande,med,acc
high,low,3 a menos,4,grande,high,acc
high,low,3 a menos,more,pequeño,low,unacc
high,low,3 a menos,more,pequeño,med,unacc
high,low,3 a menos,more,pequeño,high,acc
high,low,3 a menos,more,mediano,low,unacc
high,low,3 a menos,more,mediano,med,acc
high,low,3 a menos,more,mediano,high,acc
high,low,3 a menos,more,grande,low,unacc
high,low,3 a menos,more,grande,med,acc
high,low,3 a menos,more,grande,high,acc
high,low,4 a más,2,pequeño,low,unacc
high,low,4 a más,2,pequeño,med,unacc
high,low,4 a más,2,pequeño,high,unacc
high,low,4 a más,2,mediano,low,unacc
high,low,4 a más,2,mediano,med,unacc
high,low,4 a más,2,mediano,high,unacc
high,low,4 a más,2,grande,low,unacc
high,low,4 a más,2,grande,med,unacc
high,low,4 a más,2,grande,high,unacc
high,low,4 a más,4,pequeño,low,unacc
high,low,4 a más,4,pequeño,med,unacc
high,low,4 a más,4,pequeño,high,acc
high,low,4 a más,4,mediano,low,unacc
high,low,4 a más,4,mediano,med,acc
high,low,4 a más,4,mediano,high,acc
high,low,4 a más,4,grande,low,unacc
high,low,4 a más,4,grande,med,acc
high,low,4 a más,4,grande,high,acc
high,low,4 a más,more,pequeño,low,unacc
high,low,4 a más,more,pequeño,med,unacc
high,low,4 a más,more,pequeño,high,acc
high,low,4 a más,more,mediano,low,unacc
high,low,4 a más,more,mediano,med,acc
high,low,4 a más,more,mediano,high,acc
high,low,4 a más,more,grande,low,unacc
high,low,4 a más,more,grande,med,acc
high,low,4 a más,more,grande,high,acc
high,low,4 a más,2,pequeño,low,unacc
high,low,4 a más,2,pequeño,med,unacc
high,low,4 a más,2,pequeño,high,unacc
high,low,4 a más,2,mediano,low,unacc
high,low,4 a más,2,mediano,med,unacc
high,low,4 a más,2,mediano,high,unacc
high,low,4 a más,2,grande,low,unacc
high,low,4 a más,2,grande,med,unacc
high,low,4 a más,2,grande,high,unacc
high,low,4 a más,4,pequeño,low,unacc
high,low,4 a más,4,pequeño,med,unacc
high,low,4 a más,4,pequeño,high,acc
high,low,4 a más,4,mediano,low,unacc
high,low,4 a más,4,mediano,med,acc
high,low,4 a más,4,mediano,high,acc
high,low,4 a más,4,grande,low,unacc
high,low,4 a más,4,grande,med,acc
high,low,4 a más,4,grande,high,acc
high,low,4 a más,more,pequeño,low,unacc
high,low,4 a más,more,pequeño,med,unacc
high,low,4 a más,more,pequeño,high,acc
high,low,4 a más,more,mediano,low,unacc
high,low,4 a más,more,mediano,med,acc
high,low,4 a más,more,mediano,high,acc
high,low,4 a más,more,grande,low,unacc
high,low,4 a más,more,grande,med,acc
high,low,4 a más,more,grande,high,acc
med,vhigh,3 a menos,2,pequeño,low,unacc
med,vhigh,3 a menos,2,pequeño,med,unacc
med,vhigh,3 a menos,2,pequeño,high,unacc
med,vhigh,3 a menos,2,mediano,low,unacc
med,vhigh,3 a menos,2,mediano,med,unacc
med,vhigh,3 a menos,2,mediano,high,unacc
med,vhigh,3 a menos,2,grande,low,unacc
med,vhigh,3 a menos,2,grande,med,unacc
med,vhigh,3 a menos,2,grande,high,unacc
med,vhigh,3 a menos,4,pequeño,low,unacc
med,vhigh,3 a menos,4,pequeño,med,unacc
med,vhigh,3 a menos,4,pequeño,high,acc
med,vhigh,3 a menos,4,mediano,low,unacc
med,vhigh,3 a menos,4,mediano,med,unacc
med,vhigh,3 a menos,4,mediano,high,acc
med,vhigh,3 a menos,4,grande,low,unacc
med,vhigh,3 a menos,4,grande,med,acc
med,vhigh,3 a menos,4,grande,high,acc
med,vhigh,3 a menos,more,pequeño,low,unacc
med,vhigh,3 a menos,more,pequeño,med,unacc
med,vhigh,3 a menos,more,pequeño,high,unacc
med,vhigh,3 a menos,more,mediano,low,unacc
med,vhigh,3 a menos,more,mediano,med,unacc
med,vhigh,3 a menos,more,mediano,high,acc
med,vhigh,3 a menos,more,grande,low,unacc
med,vhigh,3 a menos,more,grande,med,acc
med,vhigh,3 a menos,more,grande,high,acc
med,vhigh,3 a menos,2,pequeño,low,unacc
med,vhigh,3 a menos,2,pequeño,med,unacc
med,vhigh,3 a menos,2,pequeño,high,unacc
med,vhigh,3 a menos,2,mediano,low,unacc
med,vhigh,3 a menos,2,mediano,med,unacc
med,vhigh,3 a menos,2,mediano,high,unacc
med,vhigh,3 a menos,2,grande,low,unacc
med,vhigh,3 a menos,2,grande,med,unacc
med,vhigh,3 a menos,2,grande,high,unacc
med,vhigh,3 a menos,4,pequeño,low,unacc
med,vhigh,3 a menos,4,pequeño,med,unacc
med,vhigh,3 a menos,4,pequeño,high,acc
med,vhigh,3 a menos,4,mediano,low,unacc
med,vhigh,3 a menos,4,mediano,med,unacc
med,vhigh,3 a menos,4,mediano,high,acc
med,vhigh,3 a menos,4,grande,low,unacc
med,vhigh,3 a menos,4,grande,med,acc
med,vhigh,3 a menos,4,grande,high,acc
med,vhigh,3 a menos,more,pequeño,low,unacc
med,vhigh,3 a menos,more,pequeño,med,unacc
med,vhigh,3 a menos,more,pequeño,high,acc
med,vhigh,3 a menos,more,mediano,low,unacc
med,vhigh,3 a menos,more,mediano,med,acc
med,vhigh,3 a menos,more,mediano,high,acc
med,vhigh,3 a menos,more,grande,low,unacc
med,vhigh,3 a menos,more,grande,med,acc
med,vhigh,3 a menos,more,grande,high,acc
med,vhigh,4 a más,2,pequeño,low,unacc
med,vhigh,4 a más,2,pequeño,med,unacc
med,vhigh,4 a más,2,pequeño,high,unacc
med,vhigh,4 a más,2,mediano,low,unacc
med,vhigh,4 a más,2,mediano,med,unacc
med,vhigh,4 a más,2,mediano,high,unacc
med,vhigh,4 a más,2,grande,low,unacc
med,vhigh,4 a más,2,grande,med,unacc
med,vhigh,4 a más,2,grande,high,unacc
med,vhigh,4 a más,4,pequeño,low,unacc
med,vhigh,4 a más,4,pequeño,med,unacc
med,vhigh,4 a más,4,pequeño,high,acc
med,vhigh,4 a más,4,mediano,low,unacc
med,vhigh,4 a más,4,mediano,med,acc
med,vhigh,4 a más,4,mediano,high,acc
med,vhigh,4 a más,4,grande,low,unacc
med,vhigh,4 a más,4,grande,med,acc
med,vhigh,4 a más,4,grande,high,acc
med,vhigh,4 a más,more,pequeño,low,unacc
med,vhigh,4 a más,more,pequeño,med,unacc
med,vhigh,4 a más,more,pequeño,high,acc
med,vhigh,4 a más,more,mediano,low,unacc
med,vhigh,4 a más,more,mediano,med,acc
med,vhigh,4 a más,more,mediano,high,acc
med,vhigh,4 a más,more,grande,low,unacc
med,vhigh,4 a más,more,grande,med,acc
med,vhigh,4 a más,more,grande,high,acc
med,vhigh,4 a más,2,pequeño,low,unacc
med,vhigh,4 a más,2,pequeño,med,unacc
med,vhigh,4 a más,2,pequeño,high,unacc
med,vhigh,4 a más,2,mediano,low,unacc
med,vhigh,4 a más,2,mediano,med,unacc
med,vhigh,4 a más,2,mediano,high,unacc
med,vhigh,4 a más,2,grande,low,unacc
med,vhigh,4 a más,2,grande,med,unacc
med,vhigh,4 a más,2,grande,high,unacc
med,vhigh,4 a más,4,pequeño,low,unacc
med,vhigh,4 a más,4,pequeño,med,unacc
med,vhigh,4 a más,4,pequeño,high,acc
med,vhigh,4 a más,4,mediano,low,unacc
med,vhigh,4 a más,4,mediano,med,acc
med,vhigh,4 a más,4,mediano,high,acc
med,vhigh,4 a más,4,grande,low,unacc
med,vhigh,4 a más,4,grande,med,acc
med,vhigh,4 a más,4,grande,high,acc
med,vhigh,4 a más,more,pequeño,low,unacc
med,vhigh,4 a más,more,pequeño,med,unacc
med,vhigh,4 a más,more,pequeño,high,acc
med,vhigh,4 a más,more,mediano,low,unacc
med,vhigh,4 a más,more,mediano,med,acc
med,vhigh,4 a más,more,mediano,high,acc
med,vhigh,4 a más,more,grande,low,unacc
med,vhigh,4 a más,more,grande,med,acc
med,vhigh,4 a más,more,grande,high,acc
med,high,3 a menos,2,pequeño,low,unacc
med,high,3 a menos,2,pequeño,med,unacc
med,high,3 a menos,2,pequeño,high,unacc
med,high,3 a menos,2,mediano,low,unacc
med,high,3 a menos,2,mediano,med,unacc
med,high,3 a menos,2,mediano,high,unacc
med,high,3 a menos,2,grande,low,unacc
med,high,3 a menos,2,grande,med,unacc
med,high,3 a menos,2,grande,high,unacc
med,high,3 a menos,4,pequeño,low,unacc
med,high,3 a menos,4,pequeño,med,unacc
med,high,3 a menos,4,pequeño,high,acc
med,high,3 a menos,4,mediano,low,unacc
med,high,3 a menos,4,mediano,med,unacc
med,high,3 a menos,4,mediano,high,acc
med,high,3 a menos,4,grande,low,unacc
med,high,3 a menos,4,grande,med,acc
med,high,3 a menos,4,grande,high,acc
med,high,3 a menos,more,pequeño,low,unacc
med,high,3 a menos,more,pequeño,med,unacc
med,high,3 a menos,more,pequeño,high,unacc
med,high,3 a menos,more,mediano,low,unacc
med,high,3 a menos,more,mediano,med,unacc
med,high,3 a menos,more,mediano,high,acc
med,high,3 a menos,more,grande,low,unacc
med,high,3 a menos,more,grande,med,acc
med,high,3 a menos,more,grande,high,acc
med,high,3 a menos,2,pequeño,low,unacc
med,high,3 a menos,2,pequeño,med,unacc
med,high,3 a menos,2,pequeño,high,unacc
med,high,3 a menos,2,mediano,low,unacc
med,high,3 a menos,2,mediano,med,unacc
med,high,3 a menos,2,mediano,high,unacc
med,high,3 a menos,2,grande,low,unacc
med,high,3 a menos,2,grande,med,unacc
med,high,3 a menos,2,grande,high,unacc
med,high,3 a menos,4,pequeño,low,unacc
med,high,3 a menos,4,pequeño,med,unacc
med,high,3 a menos,4,pequeño,high,acc
med,high,3 a menos,4,mediano,low,unacc
med,high,3 a menos,4,mediano,med,unacc
med,high,3 a menos,4,mediano,high,acc
med,high,3 a menos,4,grande,low,unacc
med,high,3 a menos,4,grande,med,acc
med,high,3 a menos,4,grande,high,acc
med,high,3 a menos,more,pequeño,low,unacc
med,high,3 a menos,more,pequeño,med,unacc
med,high,3 a menos,more,pequeño,high,acc
med,high,3 a menos,more,mediano,low,unacc
med,high,3 a menos,more,mediano,med,acc
med,high,3 a menos,more,mediano,high,acc
med,high,3 a menos,more,grande,low,unacc
med,high,3 a menos,more,grande,med,acc
med,high,3 a menos,more,grande,high,acc
med,high,4 a más,2,pequeño,low,unacc
med,high,4 a más,2,pequeño,med,unacc
med,high,4 a más,2,pequeño,high,unacc
med,high,4 a más,2,mediano,low,unacc
med,high,4 a más,2,mediano,med,unacc
med,high,4 a más,2,mediano,high,unacc
med,high,4 a más,2,grande,low,unacc
med,high,4 a más,2,grande,med,unacc
med,high,4 a más,2,grande,high,unacc
med,high,4 a más,4,pequeño,low,unacc
med,high,4 a más,4,pequeño,med,unacc
med,high,4 a más,4,pequeño,high,acc
med,high,4 a más,4,mediano,low,unacc
med,high,4 a más,4,mediano,med,acc
med,high,4 a más,4,mediano,high,acc
med,high,4 a más,4,grande,low,unacc
med,high,4 a más,4,grande,med,acc
med,high,4 a más,4,grande,high,acc
med,high,4 a más,more,pequeño,low,unacc
med,high,4 a más,more,pequeño,med,unacc
med,high,4 a más,more,pequeño,high,acc
med,high,4 a más,more,mediano,low,unacc
med,high,4 a más,more,mediano,med,acc
med,high,4 a más,more,mediano,high,acc
med,high,4 a más,more,grande,low,unacc
med,high,4 a más,more,grande,med,acc
med,high,4 a más,more,grande,high,acc
med,high,4 a más,2,pequeño,low,unacc
med,high,4 a más,2,pequeño,med,unacc
med,high,4 a más,2,pequeño,high,unacc
med,high,4 a más,2,mediano,low,unacc
med,high,4 a más,2,mediano,med,unacc
med,high,4 a más,2,mediano,high,unacc
med,high,4 a más,2,grande,low,unacc
med,high,4 a más,2,grande,med,unacc
med,high,4 a más,2,grande,high,unacc
med,high,4 a más,4,pequeño,low,unacc
med,high,4 a más,4,pequeño,med,unacc
med,high,4 a más,4,pequeño,high,acc
med,high,4 a más,4,mediano,low,unacc
med,high,4 a más,4,mediano,med,acc
med,high,4 a más,4,mediano,high,acc
med,high,4 a más,4,grande,low,unacc
med,high,4 a más,4,grande,med,acc
med,high,4 a más,4,grande,high,acc
med,high,4 a más,more,pequeño,low,unacc
med,high,4 a más,more,pequeño,med,unacc
med,high,4 a más,more,pequeño,high,acc
med,high,4 a más,more,mediano,low,unacc
med,high,4 a más,more,mediano,med,acc
med,high,4 a más,more,mediano,high,acc
med,high,4 a más,more,grande,low,unacc
med,high,4 a más,more,grande,med,acc
med,high,4 a más,more,grande,high,acc
med,med,3 a menos,2,pequeño,low,unacc
med,med,3 a menos,2,pequeño,med,unacc
med,med,3 a menos,2,pequeño,high,unacc
med,med,3 a menos,2,mediano,low,unacc
med,med,3 a menos,2,mediano,med,unacc
med,med,3 a menos,2,mediano,high,unacc
med,med,3 a menos,2,grande,low,unacc
med,med,3 a menos,2,grande,med,unacc
med,med,3 a menos,2,grande,high,unacc
med,med,3 a menos,4,pequeño,low,unacc
med,med,3 a menos,4,pequeño,med,acc
med,med,3 a menos,4,pequeño,high,acc
med,med,3 a menos,4,mediano,low,unacc
med,med,3 a menos,4,mediano,med,acc
med,med,3 a menos,4,mediano,high,acc
med,med,3 a menos,4,grande,low,unacc
med,med,3 a menos,4,grande,med,acc
med,med,3 a menos,4,grande,high,vgood
med,med,3 a menos,more,pequeño,low,unacc
med,med,3 a menos,more,pequeño,med,unacc
med,med,3 a menos,more,pequeño,high,unacc
med,med,3 a menos,more,mediano,low,unacc
med,med,3 a menos,more,mediano,med,acc
med,med,3 a menos,more,mediano,high,acc
med,med,3 a menos,more,grande,low,unacc
med,med,3 a menos,more,grande,med,acc
med,med,3 a menos,more,grande,high,vgood
med,med,3 a menos,2,pequeño,low,unacc
med,med,3 a menos,2,pequeño,med,unacc
med,med,3 a menos,2,pequeño,high,unacc
med,med,3 a menos,2,mediano,low,unacc
med,med,3 a menos,2,mediano,med,unacc
med,med,3 a menos,2,mediano,high,unacc
med,med,3 a menos,2,grande,low,unacc
med,med,3 a menos,2,grande,med,unacc
med,med,3 a menos,2,grande,high,unacc
med,med,3 a menos,4,pequeño,low,unacc
med,med,3 a menos,4,pequeño,med,acc
med,med,3 a menos,4,pequeño,high,acc
med,med,3 a menos,4,mediano,low,unacc
med,med,3 a menos,4,mediano,med,acc
med,med,3 a menos,4,mediano,high,acc
med,med,3 a menos,4,grande,low,unacc
med,med,3 a menos,4,grande,med,acc
med,med,3 a menos,4,grande,high,vgood
med,med,3 a menos,more,pequeño,low,unacc
med,med,3 a menos,more,pequeño,med,acc
med,med,3 a menos,more,pequeño,high,acc
med,med,3 a menos,more,mediano,low,unacc
med,med,3 a menos,more,mediano,med,acc
med,med,3 a menos,more,mediano,high,vgood
med,med,3 a menos,more,grande,low,unacc
med,med,3 a menos,more,grande,med,acc
med,med,3 a menos,more,grande,high,vgood
med,med,4 a más,2,pequeño,low,unacc
med,med,4 a más,2,pequeño,med,unacc
med,med,4 a más,2,pequeño,high,unacc
med,med,4 a más,2,mediano,low,unacc
med,med,4 a más,2,mediano,med,unacc
med,med,4 a más,2,mediano,high,unacc
med,med,4 a más,2,grande,low,unacc
med,med,4 a más,2,grande,med,unacc
med,med,4 a más,2,grande,high,unacc
med,med,4 a más,4,pequeño,low,unacc
med,med,4 a más,4,pequeño,med,acc
med,med,4 a más,4,pequeño,high,acc
med,med,4 a más,4,mediano,low,unacc
med,med,4 a más,4,mediano,med,acc
med,med,4 a más,4,mediano,high,vgood
med,med,4 a más,4,grande,low,unacc
med,med,4 a más,4,grande,med,acc
med,med,4 a más,4,grande,high,vgood
med,med,4 a más,more,pequeño,low,unacc
med,med,4 a más,more,pequeño,med,acc
med,med,4 a más,more,pequeño,high,acc
med,med,4 a más,more,mediano,low,unacc
med,med,4 a más,more,mediano,med,acc
med,med,4 a más,more,mediano,high,vgood
med,med,4 a más,more,grande,low,unacc
med,med,4 a más,more,grande,med,acc
med,med,4 a más,more,grande,high,vgood
med,med,4 a más,2,pequeño,low,unacc
med,med,4 a más,2,pequeño,med,unacc
med,med,4 a más,2,pequeño,high,unacc
med,med,4 a más,2,mediano,low,unacc
med,med,4 a más,2,mediano,med,unacc
med,med,4 a más,2,mediano,high,unacc
med,med,4 a más,2,grande,low,unacc
med,med,4 a más,2,grande,med,unacc
med,med,4 a más,2,grande,high,unacc
med,med,4 a más,4,pequeño,low,unacc
med,med,4 a más,4,pequeño,med,acc
med,med,4 a más,4,pequeño,high,acc
med,med,4 a más,4,mediano,low,unacc
med,med,4 a más,4,mediano,med,acc
med,med,4 a más,4,mediano,high,vgood
med,med,4 a más,4,grande,low,unacc
med,med,4 a más,4,grande,med,acc
med,med,4 a más,4,grande,high,vgood
med,med,4 a más,more,pequeño,low,unacc
med,med,4 a más,more,pequeño,med,acc
med,med,4 a más,more,pequeño,high,acc
med,med,4 a más,more,mediano,low,unacc
med,med,4 a más,more,mediano,med,acc
med,med,4 a más,more,mediano,high,vgood
med,med,4 a más,more,grande,low,unacc
med,med,4 a más,more,grande,med,acc
med,med,4 a más,more,grande,high,vgood
med,low,3 a menos,2,pequeño,low,unacc
med,low,3 a menos,2,pequeño,med,unacc
med,low,3 a menos,2,pequeño,high,unacc
med,low,3 a menos,2,mediano,low,unacc
med,low,3 a menos,2,mediano,med,unacc
med,low,3 a menos,2,mediano,high,unacc
med,low,3 a menos,2,grande,low,unacc
med,low,3 a menos,2,grande,med,unacc
med,low,3 a menos,2,grande,high,unacc
med,low,3 a menos,4,pequeño,low,unacc
med,low,3 a menos,4,pequeño,med,acc
med,low,3 a menos,4,pequeño,high,good
med,low,3 a menos,4,mediano,low,unacc
med,low,3 a menos,4,mediano,med,acc
med,low,3 a menos,4,mediano,high,good
med,low,3 a menos,4,grande,low,unacc
med,low,3 a menos,4,grande,med,good
med,low,3 a menos,4,grande,high,vgood
med,low,3 a menos,more,pequeño,low,unacc
med,low,3 a menos,more,pequeño,med,unacc
med,low,3 a menos,more,pequeño,high,unacc
med,low,3 a menos,more,mediano,low,unacc
med,low,3 a menos,more,mediano,med,acc
med,low,3 a menos,more,mediano,high,good
med,low,3 a menos,more,grande,low,unacc
med,low,3 a menos,more,grande,med,good
med,low,3 a menos,more,grande,high,vgood
med,low,3 a menos,2,pequeño,low,unacc
med,low,3 a menos,2,pequeño,med,unacc
med,low,3 a menos,2,pequeño,high,unacc
med,low,3 a menos,2,mediano,low,unacc
med,low,3 a menos,2,mediano,med,unacc
med,low,3 a menos,2,mediano,high,unacc
med,low,3 a menos,2,grande,low,unacc
med,low,3 a menos,2,grande,med,unacc
med,low,3 a menos,2,grande,high,unacc
med,low,3 a menos,4,pequeño,low,unacc
med,low,3 a menos,4,pequeño,med,acc
med,low,3 a menos,4,pequeño,high,good
med,low,3 a menos,4,mediano,low,unacc
med,low,3 a menos,4,mediano,med,acc
med,low,3 a menos,4,mediano,high,good
med,low,3 a menos,4,grande,low,unacc
med,low,3 a menos,4,grande,med,good
med,low,3 a menos,4,grande,high,vgood
med,low,3 a menos,more,pequeño,low,unacc
med,low,3 a menos,more,pequeño,med,acc
med,low,3 a menos,more,pequeño,high,good
med,low,3 a menos,more,mediano,low,unacc
med,low,3 a menos,more,mediano,med,good
med,low,3 a menos,more,mediano,high,vgood
med,low,3 a menos,more,grande,low,unacc
med,low,3 a menos,more,grande,med,good
med,low,3 a menos,more,grande,high,vgood
med,low,4 a más,2,pequeño,low,unacc
med,low,4 a más,2,pequeño,med,unacc
med,low,4 a más,2,pequeño,high,unacc
med,low,4 a más,2,mediano,low,unacc
med,low,4 a más,2,mediano,med,unacc
med,low,4 a más,2,mediano,high,unacc
med,low,4 a más,2,grande,low,unacc
med,low,4 a más,2,grande,med,unacc
med,low,4 a más,2,grande,high,unacc
med,low,4 a más,4,pequeño,low,unacc
med,low,4 a más,4,pequeño,med,acc
med,low,4 a más,4,pequeño,high,good
med,low,4 a más,4,mediano,low,unacc
med,low,4 a más,4,mediano,med,good
med,low,4 a más,4,mediano,high,vgood
med,low,4 a más,4,grande,low,unacc
med,low,4 a más,4,grande,med,good
med,low,4 a más,4,grande,high,vgood
med,low,4 a más,more,pequeño,low,unacc
med,low,4 a más,more,pequeño,med,acc
med,low,4 a más,more,pequeño,high,good
med,low,4 a más,more,mediano,low,unacc
med,low,4 a más,more,mediano,med,good
med,low,4 a más,more,mediano,high,vgood
med,low,4 a más,more,grande,low,unacc
med,low,4 a más,more,grande,med,good
med,low,4 a más,more,grande,high,vgood
med,low,4 a más,2,pequeño,low,unacc
med,low,4 a más,2,pequeño,med,unacc
med,low,4 a más,2,pequeño,high,unacc
med,low,4 a más,2,mediano,low,unacc
med,low,4 a más,2,mediano,med,unacc
med,low,4 a más,2,mediano,high,unacc
med,low,4 a más,2,grande,low,unacc
med,low,4 a más,2,grande,med,unacc
med,low,4 a más,2,grande,high,unacc
med,low,4 a más,4,pequeño,low,unacc
med,low,4 a más,4,pequeño,med,acc
med,low,4 a más,4,pequeño,high,good
med,low,4 a más,4,mediano,low,unacc
med,low,4 a más,4,mediano,med,good
med,low,4 a más,4,mediano,high,vgood
med,low,4 a más,4,grande,low,unacc
med,low,4 a más,4,grande,med,good
med,low,4 a más,4,grande,high,vgood
med,low,4 a más,more,pequeño,low,unacc
med,low,4 a más,more,pequeño,med,acc
med,low,4 a más,more,pequeño,high,good
med,low,4 a más,more,mediano,low,unacc
med,low,4 a más,more,mediano,med,good
med,low,4 a más,more,mediano,high,vgood
med,low,4 a más,more,grande,low,unacc
med,low,4 a más,more,grande,med,good
med,low,4 a más,more,grande,high,vgood
low,vhigh,3 a menos,2,pequeño,low,unacc
low,vhigh,3 a menos,2,pequeño,med,unacc
low,vhigh,3 a menos,2,pequeño,high,unacc
low,vhigh,3 a menos,2,mediano,low,unacc
low,vhigh,3 a menos,2,mediano,med,unacc
low,vhigh,3 a menos,2,mediano,high,unacc
low,vhigh,3 a menos,2,grande,low,unacc
low,vhigh,3 a menos,2,grande,med,unacc
low,vhigh,3 a menos,2,grande,high,unacc
low,vhigh,3 a menos,4,pequeño,low,unacc
low,vhigh,3 a menos,4,pequeño,med,unacc
low,vhigh,3 a menos,4,pequeño,high,acc
low,vhigh,3 a menos,4,mediano,low,unacc
low,vhigh,3 a menos,4,mediano,med,unacc
low,vhigh,3 a menos,4,mediano,high,acc
low,vhigh,3 a menos,4,grande,low,unacc
low,vhigh,3 a menos,4,grande,med,acc
low,vhigh,3 a menos,4,grande,high,acc
low,vhigh,3 a menos,more,pequeño,low,unacc
low,vhigh,3 a menos,more,pequeño,med,unacc
low,vhigh,3 a menos,more,pequeño,high,unacc
low,vhigh,3 a menos,more,mediano,low,unacc
low,vhigh,3 a menos,more,mediano,med,unacc
low,vhigh,3 a menos,more,mediano,high,acc
low,vhigh,3 a menos,more,grande,low,unacc
low,vhigh,3 a menos,more,grande,med,acc
low,vhigh,3 a menos,more,grande,high,acc
low,vhigh,3 a menos,2,pequeño,low,unacc
low,vhigh,3 a menos,2,pequeño,med,unacc
low,vhigh,3 a menos,2,pequeño,high,unacc
low,vhigh,3 a menos,2,mediano,low,unacc
low,vhigh,3 a menos,2,mediano,med,unacc
low,vhigh,3 a menos,2,mediano,high,unacc
low,vhigh,3 a menos,2,grande,low,unacc
low,vhigh,3 a menos,2,grande,med,unacc
low,vhigh,3 a menos,2,grande,high,unacc
low,vhigh,3 a menos,4,pequeño,low,unacc
low,vhigh,3 a menos,4,pequeño,med,unacc
low,vhigh,3 a menos,4,pequeño,high,acc
low,vhigh,3 a menos,4,mediano,low,unacc
low,vhigh,3 a menos,4,mediano,med,unacc
low,vhigh,3 a menos,4,mediano,high,acc
low,vhigh,3 a menos,4,grande,low,unacc
low,vhigh,3 a menos,4,grande,med,acc
low,vhigh,3 a menos,4,grande,high,acc
low,vhigh,3 a menos,more,pequeño,low,unacc
low,vhigh,3 a menos,more,pequeño,med,unacc
low,vhigh,3 a menos,more,pequeño,high,acc
low,vhigh,3 a menos,more,mediano,low,unacc
low,vhigh,3 a menos,more,mediano,med,acc
low,vhigh,3 a menos,more,mediano,high,acc
low,vhigh,3 a menos,more,grande,low,unacc
low,vhigh,3 a menos,more,grande,med,acc
low,vhigh,3 a menos,more,grande,high,acc
low,vhigh,4 a más,2,pequeño,low,unacc
low,vhigh,4 a más,2,pequeño,med,unacc
low,vhigh,4 a más,2,pequeño,high,unacc
low,vhigh,4 a más,2,mediano,low,unacc
low,vhigh,4 a más,2,mediano,med,unacc
low,vhigh,4 a más,2,mediano,high,unacc
low,vhigh,4 a más,2,grande,low,unacc
low,vhigh,4 a más,2,grande,med,unacc
low,vhigh,4 a más,2,grande,high,unacc
low,vhigh,4 a más,4,pequeño,low,unacc
low,vhigh,4 a más,4,pequeño,med,unacc
low,vhigh,4 a más,4,pequeño,high,acc
low,vhigh,4 a más,4,mediano,low,unacc
low,vhigh,4 a más,4,mediano,med,acc
low,vhigh,4 a más,4,mediano,high,acc
low,vhigh,4 a más,4,grande,low,unacc
low,vhigh,4 a más,4,grande,med,acc
low,vhigh,4 a más,4,grande,high,acc
low,vhigh,4 a más,more,pequeño,low,unacc
low,vhigh,4 a más,more,pequeño,med,unacc
low,vhigh,4 a más,more,pequeño,high,acc
low,vhigh,4 a más,more,mediano,low,unacc
low,vhigh,4 a más,more,mediano,med,acc
low,vhigh,4 a más,more,mediano,high,acc
low,vhigh,4 a más,more,grande,low,unacc
low,vhigh,4 a más,more,grande,med,acc
low,vhigh,4 a más,more,grande,high,acc
low,vhigh,4 a más,2,pequeño,low,unacc
low,vhigh,4 a más,2,pequeño,med,unacc
low,vhigh,4 a más,2,pequeño,high,unacc
low,vhigh,4 a más,2,mediano,low,unacc
low,vhigh,4 a más,2,mediano,med,unacc
low,vhigh,4 a más,2,mediano,high,unacc
low,vhigh,4 a más,2,grande,low,unacc
low,vhigh,4 a más,2,grande,med,unacc
low,vhigh,4 a más,2,grande,high,unacc
low,vhigh,4 a más,4,pequeño,low,unacc
low,vhigh,4 a más,4,pequeño,med,unacc
low,vhigh,4 a más,4,pequeño,high,acc
low,vhigh,4 a más,4,mediano,low,unacc
low,vhigh,4 a más,4,mediano,med,acc
low,vhigh,4 a más,4,mediano,high,acc
low,vhigh,4 a más,4,grande,low,unacc
low,vhigh,4 a más,4,grande,med,acc
low,vhigh,4 a más,4,grande,high,acc
low,vhigh,4 a más,more,pequeño,low,unacc
low,vhigh,4 a más,more,pequeño,med,unacc
low,vhigh,4 a más,more,pequeño,high,acc
low,vhigh,4 a más,more,mediano,low,unacc
low,vhigh,4 a más,more,mediano,med,acc
low,vhigh,4 a más,more,mediano,high,acc
low,vhigh,4 a más,more,grande,low,unacc
low,vhigh,4 a más,more,grande,med,acc
low,vhigh,4 a más,more,grande,high,acc
low,high,3 a menos,2,pequeño,low,unacc
low,high,3 a menos,2,pequeño,med,unacc
low,high,3 a menos,2,pequeño,high,unacc
low,high,3 a menos,2,mediano,low,unacc
low,high,3 a menos,2,mediano,med,unacc
low,high,3 a menos,2,mediano,high,unacc
low,high,3 a menos,2,grande,low,unacc
low,high,3 a menos,2,grande,med,unacc
low,high,3 a menos,2,grande,high,unacc
low,high,3 a menos,4,pequeño,low,unacc
low,high,3 a menos,4,pequeño,med,acc
low,high,3 a menos,4,pequeño,high,acc
low,high,3 a menos,4,mediano,low,unacc
low,high,3 a menos,4,mediano,med,acc
low,high,3 a menos,4,mediano,high,acc
low,high,3 a menos,4,grande,low,unacc
low,high,3 a menos,4,grande,med,acc
low,high,3 a menos,4,grande,high,vgood
low,high,3 a menos,more,pequeño,low,unacc
low,high,3 a menos,more,pequeño,med,unacc
low,high,3 a menos,more,pequeño,high,unacc
low,high,3 a menos,more,mediano,low,unacc
low,high,3 a menos,more,mediano,med,acc
low,high,3 a menos,more,mediano,high,acc
low,high,3 a menos,more,grande,low,unacc
low,high,3 a menos,more,grande,med,acc
low,high,3 a menos,more,grande,high,vgood
low,high,3 a menos,2,pequeño,low,unacc
low,high,3 a menos,2,pequeño,med,unacc
low,high,3 a menos,2,pequeño,high,unacc
low,high,3 a menos,2,mediano,low,unacc
low,high,3 a menos,2,mediano,med,unacc
low,high,3 a menos,2,mediano,high,unacc
low,high,3 a menos,2,grande,low,unacc
low,high,3 a menos,2,grande,med,unacc
low,high,3 a menos,2,grande,high,unacc
low,high,3 a menos,4,pequeño,low,unacc
low,high,3 a menos,4,pequeño,med,acc
low,high,3 a menos,4,pequeño,high,acc
low,high,3 a menos,4,mediano,low,unacc
low,high,3 a menos,4,mediano,med,acc
low,high,3 a menos,4,mediano,high,acc
low,high,3 a menos,4,grande,low,unacc
low,high,3 a menos,4,grande,med,acc
low,high,3 a menos,4,grande,high,vgood
low,high,3 a menos,more,pequeño,low,unacc
low,high,3 a menos,more,pequeño,med,acc
low,high,3 a menos,more,pequeño,high,acc
low,high,3 a menos,more,mediano,low,unacc
low,high,3 a menos,more,mediano,med,acc
low,high,3 a menos,more,mediano,high,vgood
low,high,3 a menos,more,grande,low,unacc
low,high,3 a menos,more,grande,med,acc
low,high,3 a menos,more,grande,high,vgood
low,high,4 a más,2,pequeño,low,unacc
low,high,4 a más,2,pequeño,med,unacc
low,high,4 a más,2,pequeño,high,unacc
low,high,4 a más,2,mediano,low,unacc
low,high,4 a más,2,mediano,med,unacc
low,high,4 a más,2,mediano,high,unacc
low,high,4 a más,2,grande,low,unacc
low,high,4 a más,2,grande,med,unacc
low,high,4 a más,2,grande,high,unacc
low,high,4 a más,4,pequeño,low,unacc
low,high,4 a más,4,pequeño,med,acc
low,high,4 a más,4,pequeño,high,acc
low,high,4 a más,4,mediano,low,unacc
low,high,4 a más,4,mediano,med,acc
low,high,4 a más,4,mediano,high,vgood
low,high,4 a más,4,grande,low,unacc
low,high,4 a más,4,grande,med,acc
low,high,4 a más,4,grande,high,vgood
low,high,4 a más,more,pequeño,low,unacc
low,high,4 a más,more,pequeño,med,acc
low,high,4 a más,more,pequeño,high,acc
low,high,4 a más,more,mediano,low,unacc
low,high,4 a más,more,mediano,med,acc
low,high,4 a más,more,mediano,high,vgood
low,high,4 a más,more,grande,low,unacc
low,high,4 a más,more,grande,med,acc
low,high,4 a más,more,grande,high,vgood
low,high,4 a más,2,pequeño,low,unacc
low,high,4 a más,2,pequeño,med,unacc
low,high,4 a más,2,pequeño,high,unacc
low,high,4 a más,2,mediano,low,unacc
low,high,4 a más,2,mediano,med,unacc
low,high,4 a más,2,mediano,high,unacc
low,high,4 a más,2,grande,low,unacc
low,high,4 a más,2,grande,med,unacc
low,high,4 a más,2,grande,high,unacc
low,high,4 a más,4,pequeño,low,unacc
low,high,4 a más,4,pequeño,med,acc
low,high,4 a más,4,pequeño,high,acc
low,high,4 a más,4,mediano,low,unacc
low,high,4 a más,4,mediano,med,acc
low,high,4 a más,4,mediano,high,vgood
low,high,4 a más,4,grande,low,unacc
low,high,4 a más,4,grande,med,acc
low,high,4 a más,4,grande,high,vgood
low,high,4 a más,more,pequeño,low,unacc
low,high,4 a más,more,pequeño,med,acc
low,high,4 a más,more,pequeño,high,acc
low,high,4 a más,more,mediano,low,unacc
low,high,4 a más,more,mediano,med,acc
low,high,4 a más,more,mediano,high,vgood
low,high,4 a más,more,grande,low,unacc
low,high,4 a más,more,grande,med,acc
low,high,4 a más,more,grande,high,vgood
low,med,3 a menos,2,pequeño,low,unacc
low,med,3 a menos,2,pequeño,med,unacc
low,med,3 a menos,2,pequeño,high,unacc
low,med,3 a menos,2,mediano,low,unacc
low,med,3 a menos,2,mediano,med,unacc
low,med,3 a menos,2,mediano,high,unacc
low,med,3 a menos,2,grande,low,unacc
low,med,3 a menos,2,grande,med,unacc
low,med,3 a menos,2,grande,high,unacc
low,med,3 a menos,4,pequeño,low,unacc
low,med,3 a menos,4,pequeño,med,acc
low,med,3 a menos,4,pequeño,high,good
low,med,3 a menos,4,mediano,low,unacc
low,med,3 a menos,4,mediano,med,acc
low,med,3 a menos,4,mediano,high,good
low,med,3 a menos,4,grande,low,unacc
low,med,3 a menos,4,grande,med,good
low,med,3 a menos,4,grande,high,vgood
low,med,3 a menos,more,pequeño,low,unacc
low,med,3 a menos,more,pequeño,med,unacc
low,med,3 a menos,more,pequeño,high,unacc
low,med,3 a menos,more,mediano,low,unacc
low,med,3 a menos,more,mediano,med,acc
low,med,3 a menos,more,mediano,high,good
low,med,3 a menos,more,grande,low,unacc
low,med,3 a menos,more,grande,med,good
low,med,3 a menos,more,grande,high,vgood
low,med,3 a menos,2,pequeño,low,unacc
low,med,3 a menos,2,pequeño,med,unacc
low,med,3 a menos,2,pequeño,high,unacc
low,med,3 a menos,2,mediano,low,unacc
low,med,3 a menos,2,mediano,med,unacc
low,med,3 a menos,2,mediano,high,unacc
low,med,3 a menos,2,grande,low,unacc
low,med,3 a menos,2,grande,med,unacc
low,med,3 a menos,2,grande,high,unacc
low,med,3 a menos,4,pequeño,low,unacc
low,med,3 a menos,4,pequeño,med,acc
low,med,3 a menos,4,pequeño,high,good
low,med,3 a menos,4,mediano,low,unacc
low,med,3 a menos,4,mediano,med,acc
low,med,3 a menos,4,mediano,high,good
low,med,3 a menos,4,grande,low,unacc
low,med,3 a menos,4,grande,med,good
low,med,3 a menos,4,grande,high,vgood
low,med,3 a menos,more,pequeño,low,unacc
low,med,3 a menos,more,pequeño,med,acc
low,med,3 a menos,more,pequeño,high,good
low,med,3 a menos,more,mediano,low,unacc
low,med,3 a menos,more,mediano,med,good
low,med,3 a menos,more,mediano,high,vgood
low,med,3 a menos,more,grande,low,unacc
low,med,3 a menos,more,grande,med,good
low,med,3 a menos,more,grande,high,vgood
low,med,4 a más,2,pequeño,low,unacc
low,med,4 a más,2,pequeño,med,unacc
low,med,4 a más,2,pequeño,high,unacc
low,med,4 a más,2,mediano,low,unacc
low,med,4 a más,2,mediano,med,unacc
low,med,4 a más,2,mediano,high,unacc
low,med,4 a más,2,grande,low,unacc
low,med,4 a más,2,grande,med,unacc
low,med,4 a más,2,grande,high,unacc
low,med,4 a más,4,pequeño,low,unacc
low,med,4 a más,4,pequeño,med,acc
low,med,4 a más,4,pequeño,high,good
low,med,4 a más,4,mediano,low,unacc
low,med,4 a más,4,mediano,med,good
low,med,4 a más,4,mediano,high,vgood
low,med,4 a más,4,grande,low,unacc
low,med,4 a más,4,grande,med,good
low,med,4 a más,4,grande,high,vgood
low,med,4 a más,more,pequeño,low,unacc
low,med,4 a más,more,pequeño,med,acc
low,med,4 a más,more,pequeño,high,good
low,med,4 a más,more,mediano,low,unacc
low,med,4 a más,more,mediano,med,good
low,med,4 a más,more,mediano,high,vgood
low,med,4 a más,more,grande,low,unacc
low,med,4 a más,more,grande,med,good
low,med,4 a más,more,grande,high,vgood
low,med,4 a más,2,pequeño,low,unacc
low,med,4 a más,2,pequeño,med,unacc
low,med,4 a más,2,pequeño,high,unacc
low,med,4 a más,2,mediano,low,unacc
low,med,4 a más,2,mediano,med,unacc
low,med,4 a más,2,mediano,high,unacc
low,med,4 a más,2,grande,low,unacc
low,med,4 a más,2,grande,med,unacc
low,med,4 a más,2,grande,high,unacc
low,med,4 a más,4,pequeño,low,unacc
low,med,4 a más,4,pequeño,med,acc
low,med,4 a más,4,pequeño,high,good
low,med,4 a más,4,mediano,low,unacc
low,med,4 a más,4,mediano,med,good
low,med,4 a más,4,mediano,high,vgood
low,med,4 a más,4,grande,low,unacc
low,med,4 a más,4,grande,med,good
low,med,4 a más,4,grande,high,vgood
low,med,4 a más,more,pequeño,low,unacc
low,med,4 a más,more,pequeño,med,acc
low,med,4 a más,more,pequeño,high,good
low,med,4 a más,more,mediano,low,unacc
low,med,4 a más,more,mediano,med,good
low,med,4 a más,more,mediano,high,vgood
low,med,4 a más,more,grande,low,unacc
low,med,4 a más,more,grande,med,good
low,med,4 a más,more,grande,high,vgood
low,low,3 a menos,2,pequeño,low,unacc
low,low,3 a menos,2,pequeño,med,unacc
low,low,3 a menos,2,pequeño,high,unacc
low,low,3 a menos,2,mediano,low,unacc
low,low,3 a menos,2,mediano,med,unacc
low,low,3 a menos,2,mediano,high,unacc
low,low,3 a menos,2,grande,low,unacc
low,low,3 a menos,2,grande,med,unacc
low,low,3 a menos,2,grande,high,unacc
low,low,3 a menos,4,pequeño,low,unacc
low,low,3 a menos,4,pequeño,med,acc
low,low,3 a menos,4,pequeño,high,good
low,low,3 a menos,4,mediano,low,unacc
low,low,3 a menos,4,mediano,med,acc
low,low,3 a menos,4,mediano,high,good
low,low,3 a menos,4,grande,low,unacc
low,low,3 a menos,4,grande,med,good
low,low,3 a menos,4,grande,high,vgood
low,low,3 a menos,more,pequeño,low,unacc
low,low,3 a menos,more,pequeño,med,unacc
low,low,3 a menos,more,pequeño,high,unacc
low,low,3 a menos,more,mediano,low,unacc
low,low,3 a menos,more,mediano,med,acc
low,low,3 a menos,more,mediano,high,good
low,low,3 a menos,more,grande,low,unacc
low,low,3 a menos,more,grande,med,good
low,low,3 a menos,more,grande,high,vgood
low,low,3 a menos,2,pequeño,low,unacc
low,low,3 a menos,2,pequeño,med,unacc
low,low,3 a menos,2,pequeño,high,unacc
low,low,3 a menos,2,mediano,low,unacc
low,low,3 a menos,2,mediano,med,unacc
low,low,3 a menos,2,mediano,high,unacc
low,low,3 a menos,2,grande,low,unacc
low,low,3 a menos,2,grande,med,unacc
low,low,3 a menos,2,grande,high,unacc
low,low,3 a menos,4,pequeño,low,unacc
low,low,3 a menos,4,pequeño,med,acc
low,low,3 a menos,4,pequeño,high,good
low,low,3 a menos,4,mediano,low,unacc
low,low,3 a menos,4,mediano,med,acc
low,low,3 a menos,4,mediano,high,good
low,low,3 a menos,4,grande,low,unacc
low,low,3 a menos,4,grande,med,good
low,low,3 a menos,4,grande,high,vgood
low,low,3 a menos,more,pequeño,low,unacc
low,low,3 a menos,more,pequeño,med,acc
low,low,3 a menos,more,pequeño,high,good
low,low,3 a menos,more,mediano,low,unacc
low,low,3 a menos,more,mediano,med,good
low,low,3 a menos,more,mediano,high,vgood
low,low,3 a menos,more,grande,low,unacc
low,low,3 a menos,more,grande,med,good
low,low,3 a menos,more,grande,high,vgood
low,low,4 a más,2,pequeño,low,unacc
low,low,4 a más,2,pequeño,med,unacc
low,low,4 a más,2,pequeño,high,unacc
low,low,4 a más,2,mediano,low,unacc
low,low,4 a más,2,mediano,med,unacc
low,low,4 a más,2,mediano,high,unacc
low,low,4 a más,2,grande,low,unacc
low,low,4 a más,2,grande,med,unacc
low,low,4 a más,2,grande,high,unacc
low,low,4 a más,4,pequeño,low,unacc
low,low,4 a más,4,pequeño,med,acc
low,low,4 a más,4,pequeño,high,good
low,low,4 a más,4,mediano,low,unacc
low,low,4 a más,4,mediano,med,good
low,low,4 a más,4,mediano,high,vgood
low,low,4 a más,4,grande,low,unacc
low,low,4 a más,4,grande,med,good
low,low,4 a más,4,grande,high,vgood
low,low,4 a más,more,pequeño,low,unacc
low,low,4 a más,more,pequeño,med,acc
low,low,4 a más,more,pequeño,high,good
low,low,4 a más,more,mediano,low,unacc
low,low,4 a más,more,mediano,med,good
low,low,4 a más,more,mediano,high,vgood
low,low,4 a más,more,grande,low,unacc
low,low,4 a más,more,grande,med,good
low,low,4 a más,more,grande,high,vgood
low,low,4 a más,2,pequeño,low,unacc
low,low,4 a más,2,pequeño,med,unacc
low,low,4 a más,2,pequeño,high,unacc
low,low,4 a más,2,mediano,low,unacc
low,low,4 a más,2,mediano,med,unacc
low,low,4 a más,2,mediano,high,unacc
low,low,4 a más,2,grande,low,unacc
low,low,4 a más,2,grande,med,unacc
low,low,4 a más,2,grande,high,unacc
low,low,4 a más,4,pequeño,low,unacc
low,low,4 a más,4,pequeño,med,acc
low,low,4 a más,4,pequeño,high,good
low,low,4 a más,4,mediano,low,unacc
low,low,4 a más,4,mediano,med,good
low,low,4 a más,4,mediano,high,vgood
low,low,4 a más,4,grande,low,unacc
low,low,4 a más,4,grande,med,good
low,low,4 a más,4,grande,high,vgood
low,low,4 a más,more,pequeño,low,unacc
low,low,4 a más,more,pequeño,med,acc
low,low,4 a más,more,pequeño,high,good
low,low,4 a más,more,mediano,low,unacc
low,low,4 a más,more,mediano,med,good
low,low,4 a más,more,mediano,high,vgood
low,low,4 a más,more,grande,low,unacc
low,low,4 a más,more,grande,med,good
low,low,4 a más,more,grande,high,vgood
